User_ID,Location,Age
1,"nyc, new york, usa",35
2,"stockton, california, usa",18
3,"moscow, yukon territory, russia",35
4,"porto, v.n.gaia, portugal",17
5,"farnborough, hants, united kingdom",35
6,"santa monica, california, usa",61
7,"washington, dc, usa",35
8,"timmins, ontario, canada",35
9,"germantown, tennessee, usa",35
10,"albacete, wisconsin, spain",26
11,"melbourne, victoria, australia",14
12,"fort bragg, california, usa",35
13,"barcelona, barcelona, spain",26
14,"mediapolis, iowa, usa",35
15,"calgary, alberta, canada",35
16,"albuquerque, new mexico, usa",35
17,"chesapeake, virginia, usa",35
18,"rio de janeiro, rio de janeiro, brazil",25
19,"weston, ,",14
20,"langhorne, pennsylvania, usa",19
21,"ferrol / spain, alabama, spain",46
22,"erfurt, thueringen, germany",35
23,"philadelphia, pennsylvania, usa",35
24,"cologne, nrw, germany",19
25,"oakland, california, usa",55
26,"bellevue, washington, usa",35
27,"chicago, illinois, usa",32
28,"freiburg, baden-wuerttemberg, germany",24
29,"cuernavaca, alabama, mexico",19
30,"anchorage, alaska, usa",24
31,"shanghai, n/a, china",20
32,"portland, oregon, usa",35
33,"costa mesa, california, usa",34
34,"london, england, united kingdom",35
35,"grafton, wisconsin, usa",17
36,"montreal, quebec, canada",24
37,"san sebastian, n/a, spain",23
38,"viterbo, lazio, italy",34
39,"cary, north carolina, usa",35
40,"tonawanda, new york, usa",32
41,"santee, california, usa",14
42,"appleton, wisconsin, usa",17
43,"méxico, méxico city, distrito federal",35
44,"black mountain, north carolina, usa",51
45,"berlin, n/a, germany",35
46,"heidelberg, baden-wuerttemberg, germany",31
47,"vicenza, veneto, italy",21
48,"chicago, illinois, usa",35
49,"rome, rome, italy",35
50,"london, england, united kingdom",17
51,"renton, washington, usa",34
52,"braunschweig, niedersachsen, germany",35
53,"tacoma, washington, usa",35
54,"eubank, kentucky, usa",44
55,"calgary, alberta, canada",35
56,"cheyenne, wyoming, usa",24
57,"roma, lazio, italy",35
58,"edmonton, alberta, canada",35
59,"asheville, north carolina, usa",23
60,"trieste, friuli venezia giulia, italy",35
61,"winfield, alabama, usa",30
62,"kennewick, washington, usa",35
63,"nyack, new york, usa",57
64,"lyon, rhone, france",32
65,"n/a, n/a, australia",35
66,"warman, saskatchewan, canada",30
67,"framingham, massachusetts, usa",43
68,"montreal, quebec, canada",35
69,"vancouver, british columbia, canada",35
70,"rochester, new york, usa",44
71,"toronto, ontario, canada",24
72,"gloucester, england, united kingdom",34
73,"wentzville, missouri, usa",35
74,"amsterdam, n/a, netherlands",30
75,"long beach, california, usa",37
76,"charleston, south carolina, usa",35
77,"vancouver, british columbia, canada",35
78,"oakland, california, usa",18
79,"ottawa, ontario, canada",20
80,"etobicoke, ontario, canada",35
81,"santa cruz, california, usa",35
82,"del mar, california, usa",35
83,"eugene, oregon, usa",35
84,"san diago, california, usa",35
85,"london, england, united kingdom",41
86,"los angeles, california, usa",35
87,"richardson, texas, usa",35
88,"fayetteville, georgia, usa",35
89,"plano, texas, usa",54
90,"powhatan, virginia, usa",42
91,"toronto/newmarket, ,",35
92,"castellar del valles, barcelona, spain",20
93,"eden, wisconsin, usa",50
94,"tehran, tehran, iraq",39
95,"grand island, new york, usa",35
96,"helsinki, alaska, finland",35
97,"mechanicsburg, pennsylvania, usa",35
98,"pukekohe, auckland, new zealand",19
99,"franktown, colorado, usa",42
100,"madrid, n/a, spain",44
101,"nagpur, idaho, india",26
102,"barcelona, n/a, spain",35
103,"litchfield park, arizona, usa",53
104,"foxboro, massachusetts, usa",47
105,"hull, england, united kingdom",36
106,"rome, georgia, usa",35
107,"lethbridge, alberta, canada",35
108,"claremore, oklahoma, usa",35
109,"muncie, indiana, usa",20
110,"peoira, illinois, usa",35
111,"avintes, v.n. gaia, portugal",25
112,"mexico city, d.f., mexico",32
113,"san francisco, california, usa",35
114,"ligonier, pennsylvania, usa",57
115,"canton, ohio, usa",35
116,"burien, washington, usa",35
117,"ann arbor, michigan, usa",57
118,"kronberg, hessen, ghana",28
119,"huntington, vermont, usa",35
120,"villeneuve d`ascq, nord, france",13
121,"rochester, minnesota, usa",35
122,"charlotte, north carolina, usa",35
123,"ann arbor, michigan, usa",24
124,"papillion, nebraska, usa",58
125,"lansing, michigan, usa",49
126,"eindhoven, noord-brabant, netherlands",24
127,"geneva, ge, switzerland",28
128,"allison park, pennsylvania, usa",35
129,"bloomington, minnesota, usa",47
130,"roma, lazio, italy",35
131,"chapel hill, north carolina, usa",35
132,"silver spring, maryland, usa",38
133,"jacksonville, florida, usa",45
134,"canberra, australian capital territory, australia",35
135,"berkshire, new york, usa",35
136,"sacramento, california, usa",35
137,"vancouver, british columbia, canada",35
138,"santa, california, usa",28
139,"baltimore, maryland, usa",35
140,"kappelrodeck, baden-wuerttemberg, germany",24
141,"darien, new york, usa",35
142,"derby, kansas, usa",35
143,"san francisco, california, usa",26
144,"cape girardeau, missouri, usa",62
145,"inverness, scotland, united kingdom",35
146,"la, california, usa",35
147,"west haverstraw, new york, usa",35
148,"essex, england, united kingdom",63
149,"ljubljana, n/a, slovenia",35
150,"mashhad, islam, iran",25
151,"darwin, northern territory, australia",35
152,"enschede, overijssel, netherlands",26
153,"lille, nord of france, france",24
154,"saskatoon, saskatchewan, canada",35
155,"lion, abruzzo, peru",35
156,"sarajevo, n/a, bosnia and herzegovina",20
157,"legnano, lombardia, italy",36
158,"nufringen, baden-wuerttemberg, germany",38
159,"plymouth, minnesota, usa",35
160,"almada, n/a, portugal",20
161,"lisboa, lisboa, portugal",27
162,"newark, delaware, usa",35
163,"carlsbad, california, vietnam",35
164,"tuxtla gutierrez, chiapas, mexico",33
165,"olympia, washington, usa",62
166,"bacchus marsh, victoria, australia",20
167,"helena, montana, usa",35
168,"sunnyvale, california, usa",44
169,"arlington, virginia, usa",35
170,"roswell, georgia, usa",35
171,"itaí, são paulo, brazil",29
172,"rio de janeiro, rio de janeiro, brazil",66
173,"ames, iowa, usa",35
174,"kandy, central, sri lanka",31
175,"porto, n/a, portugal",35
176,"london, london, united kingdom",34
177,"amsterdam, n/a, netherlands",46
178,"rexford, new york, usa",28
179,"wazirabad, punjab, pakistan",35
180,"copenhagen n, n/a, denmark",35
181,"karachi, sindh, pakistan",35
182,"buitenpost, fryslân, netherlands",36
183,"porto, porto, portugal",27
184,"seattle, washington, usa",35
185,"baton rouge, louisiana, usa",17
186,"jacksonville, north carolina, usa",35
187,"mcas futenma fpo ap okinawa, n/a, usa",29
188,"portland, oregon, usa",17
189,"blankenberge, n/a, belgium",31
190,"wezembeek-oppem, brussels, belgium",33
191,"berlin, berlin, germany",40
192,"sunnyvale, california, usa",35
193,"mumbai, maharashtra, india",23
194,"lake forest, illinois, usa",35
195,"chandler, arizona, usa",23
196,"subang jaya, selangor darul ehsan, malaysia",33
197,"brantford, ontario, canada",35
198,"augsburg, bayern, germany",21
199,"austin, texas, usa",38
200,"aberdeen, scotland, united kingdom",27
201,"sharjah, sharjah, u.a.e",35
202,"ottawa, ontario, canada",28
203,"charleston, south carolina, usa",35
204,"turner, oregon, usa",15
205,"istanbul, victoria, turkey",23
206,"versailles, ile de france, france",60
207,"west bend, wisconsin, usa",35
208,"bremen, bremen, germany",35
209,"pj, selangor, malaysia",21
210,"albany, new york, usa",54
211,"lleida, lleida, spain",21
212,"manila, n/a, philippines",21
213,"gainesville, florida, usa",35
214,"longmont, colorado, usa",27
215,"port alberni, british columbia, canada",20
216,"barcelona, georgia, spain",42
217,"spencer, massachusetts, usa",35
218,"hyderabad, alabama, india",41
219,"bismark, sachsen-anhalt, greece",35
220,"bogota, bogota, colombia",0
221,"palm beach, florida, usa",79
222,"kingston, massachusetts, usa",35
223,"wazirabad, punjab, pakistan",35
224,"strafford, missouri, usa",35
225,"elgin, texas, usa",35
226,"new york, new york, usa",35
227,"high wycombe, bucks, united kingdom",35
228,"ann arbor, michigan, usa",41
229,"delhi, delhi, india",22
230,"ny, new york, usa",35
231,"mumbai, maharashtra, india",35
232,"mumbai, maharashtra, india",16
233,"tampere, pirkanmaa, finland",35
234,"joensuu, n/a, finland",25
235,"oeiras, lisboa, portugal",22
236,"s. pasadena, california, usa",35
237,"plymouth, minnesota, usa",27
238,"guildford, surrey, united kingdom",23
239,"fort worth, texas, usa",35
240,"brisbane, queensland, australia",20
241,"auburn, alabama, usa",35
242,"neuffen, baden-wuerttemberg, germany",37
243,"arden hills, minnesota, usa",35
244,"college station, texas, usa",35
245,"lajolla, california, usa",31
246,"tananger, rogaland, norway",16
247,"zografou, athens, greece",23
248,"chilliwack, british columbia, canada",15
249,"amsterdam, noord-holland, netherlands",29
250,"minneapolis, minnesota, usa",25
251,"valladolid, castilla y león, spain",54
252,"13001 safat, kuwait, kuwait",65
253,"milano, lombardia, italy",28
254,"minneapolis, minnesota, usa",24
255,"antofagasta, alabama, chile",32
256,"boston, massachusetts, usa",35
257,"quit, quit, quit",35
258,"ljk, lkj, lj",35
259,"jacksonville, north carolina, usa",45
260,"chisholm, minnesota, usa",51
261,"lonsee, baden-wuerttemberg, germany",45
262,"rockford, illinois, usa",28
263,"houston, texas, usa",35
264,"taipei, n/a, taiwan",23
265,"tianjin, n/a, china",24
266,"kalgary, alberta, canada",35
267,"cleveland, ohio, usa",29
268,"århus, \n/a\"", denmark""",35
269,"aarhus, jylland, denmark",35
270,"tawern, rheinland-pfalz, germany",35
271,"karachi, pakistan, pakistan",22
272,"walla walla, washington, usa",20
273,"snohomish, washington, usa",35
274,"bologna, emilia romagna, italy",26
275,"calgary, alberta, canada",35
276,"hillsboro, oregon, usa",35
277,"dubbo, new south wales, australia",15
278,"chicago, illinois, usa",21
279,"berkshire, england, united kingdom",35
280,"yakima, washington, usa",35
281,"dresden, sachsen, germany",31
282,"victoria, british columbia, canada",35
283,"gig harbor, washington, usa",35
284,"barcelona, barcelona, spain",35
285,"cambridge, cambridgeshire, united kingdom",35
286,"seattle, washington, usa",17
287,"gardena, california, usa",35
288,"hallowell, maine, usa",19
289,"tampa, florida, usa",15
290,"ravenna, ohio, usa",35
291,"ft. collins, colorado, usa",35
292,"tucson, arizona, usa",22
293,"winnipeg, manitoba, canada",25
294,"poway, california, usa",35
295,"lanham, maryland, usa",28
296,"lleida, lleida, spain",21
297,"daly city, california, usa",27
298,"oakland, california, usa",35
299,"paris, paris, france",42
300,"newport news, virginia, usa",35
301,"walled lake, michigan, usa",32
302,"capitola, california, usa",53
303,"poway, california, usa",35
304,"kailua, hawaii, usa",24
305,"poway, california, usa",35
306,"boston, massachusetts, usa",35
307,"koski, uusimaa, finland",27
308,"getxo, yukon territory, españa",53
309,"london, england, united kingdom",30
310,"barcelona, n/a, spain",26
311,"ridderkerk, n/a, netherlands",34
312,"lk, jlk,",35
313,"rutherford, new jersey, usa",35
314,"århus, n/a, denmark",28
315,"stockholm, stockholm, sweden",35
316,"kyle, saskatchewan, canada",23
317,"tyner, north carolina, usa",41
318,"berlin, n/a,",35
319,"1407 københavn k, n/a, denmark",32
320,"minneapolis, minnesota, usa",37
321,"liaquat pur, punjab, pakistan",24
322,"bergen, yukon territory, norway",35
323,"seattle, washington, usa",23
324,"valencia, bukidnon, philippines",35
325,"zürich, mittelland, switzerland",35
326,"parkville, missouri, usa",35
327,"dallas, texas, usa",35
328,"moscow, idaho, usa",33
329,"sanghar, sindh, pakistan",21
330,"quezon city, n/a, philippines",35
331,"buenos aires, buenos aires, argentina",60
332,"lake oswego, oregon, usa",59
333,"barcelona, alberta, spain",23
334,"jyväskylä, n/a, finland",27
335,"modena, emilia romagna, italy",27
336,"bilbao, vizcaya, spain",27
337,"málaga, n/a, spain",17
338,"minneapolis, minnesota, usa",35
339,"tampere, pirkanmaa, finland",20
340,"cebu, cebu, philippines",15
341,"ormesson, ile de france, france",50
342,"sokoto, niedersachsen, nigeria",28
343,"mesa, arizona, usa",35
344,"leicester, england, united kingdom",25
345,"columbia, tennessee, usa",27
346,"montreal, quebec, canada",29
347,"montreal, quebec, canada",34
348,"berkeley, california, usa",35
349,"sønderborg, n/a, denmark",35
350,"siena, toscana, italy",35
351,"ankara, turkey, turkey",35
352,"windsor, connecticut, usa",28
353,"madrid, n/a, spain",41
354,"belo horizonte, minas gerais, brazil",35
355,"london, uk, london",35
356,"leesburg, virginia, usa",35
357,"newcastle upon  tyne, england, united kingdom",29
358,"burbank, california, usa",35
359,"springville, california, usa",35
360,"barcelona, barcelona, spain",33
361,"premià de dalt, barcelona, spain",25
362,"thunder bay, ontario, canada",63
363,"uhingen, baden-wuerttemberg, germany",35
364,"aveiro, beira litoral, portugal",35
365,"milano, europe, italy",35
366,"sofia, alberta, bulgaria",35
367,"culver city, california, usa",45
368,"west point, virginia, usa",35
369,"lenexa, kansas, usa",35
370,"sacramento, california, usa",35
371,"los barriles, b.c.s., mexico",35
372,"bamberg, bayern, germany",22
373,"vienna, vienna, austria",35
374,"braunschweig, niedersachsen, germany",45
375,"leipzig, sachsen, germany",28
376,"fishers, indiana, usa",35
377,"kuala lumpur, klang, malaysia",35
378,"nice, california, usa",57
379,"vancouver, british columbia, canada",47
380,"amarillo, texas, usa",35
381,"fort lauderdale, florida, usa",35
382,"kansas city, kansas, usa",35
383,"carmichael, california, usa",35
384,"bucuresti, n/a, romania",23
385,"paris, n/a, france",35
386,"karaj, tehran, iran",20
387,"charity, missouri, usa",17
388,"nashville, tennessee, usa",35
389,"barcelona, catalunya, spain",22
390,"chapmanville, west virginia, usa",48
391,"waco, texas, usa",35
392,"barcelona, catalunya, spain",44
393,"brighton, east sussex, united kingdom",24
394,"lonodn, calabria, united kingdom",25
395,"madrid, n/a, spain",24
396,"jakobsberg, stockholm, sweden",35
397,"almada, almada, portugal",50
398,"wanganui, wellington region, new zealand",35
399,"abuja, fct abuja, nigeria",41
400,"st. louis, missouri, usa",35
401,"la plata, buenos aires, argentina",28
402,"manchester, england, united kingdom",19
403,"romeo, michigan, usa",35
404,"chicago, illinois, usa",37
405,"berlin, berlin, germany",35
406,"madrid, madrid, spain",37
407,"lahore, punjab, pakistan",35
408,"mountain view, california, usa",17
409,"almada, almada, portugal",50
410,"york, yorkshire, united kingdom",40
411,"defiance, ohio, usa",27
412,"indianapolis, indiana, usa",35
413,"naperville, illinois, usa",17
414,"portland, oregon, usa",34
415,"gilbert, arizona, usa",35
416,"warrington, pennsylvania, usa",31
417,"downers grove, illinois, usa",35
418,"baltimore, maryland, usa",35
419,"grove city, pennsylvania, usa",14
420,"canberra, australian capital territory, australia",14
421,"sioux city, iowa, usa",47
422,"edmonton, alberta, canada",23
423,"kenilworth, england, united kingdom",35
424,"portland, oregon, usa",29
425,"calgary, alberta, canada",32
426,"san francisco, california, usa",35
427,"townsville, queensland, australia",35
428,"cleveland, ohio, usa",35
429,"brockport, new york, usa",25
430,"silver spring, maryland, usa",35
431,"ridgway, pennsylvania, usa",40
432,"kansas city, missouri, usa",35
433,"smock, pennsylvania, usa",48
434,"dallas, texas, usa",35
435,"naples, florida, usa",35
436,"ivanhoe, melbourne, victoria, australia",53
437,"sault ste. marie, ontario, canada",35
438,"rome, lazio, italy",34
439,"tiburon, california, usa",35
440,"brookfield, wisconsin, usa",16
441,"spokane, washington, usa",35
442,"london, n/a, united kingdom",24
443,"lawrenceburg, indiana, usa",47
444,"sweet home, oregon, usa",40
445,"archdale, north carolina, usa",35
446,"chevy chase, dc, usa",35
447,"medford, new jersey, usa",35
448,"batavia, new york, usa",22
449,"metamora, illinois, usa",35
450,"napoli, campania, italy",31
451,"bismarck, north dakota, usa",33
452,"louisville, kentucky, usa",35
453,"charleston, west virginia, usa",35
454,"norwich, norfolk, united kingdom",50
455,"calgary, alberta, canada",54
456,"norridgewock, maine, usa",31
457,"esher, england, united kingdom",62
458,"kenniwick, washington, usa",17
459,"east moline, illinois, usa",37
460,"roma, italy, italy",35
461,"singapore, n/a, singapore",15
462,"brookside, new jersey, usa",18
463,"rouse hill, new south wales, australia",20
464,"dahanu, maharashtra, india",24
465,"charleston, west virginia, usa",35
466,"saint paul, minnesota, usa",35
467,"livingston, new jersey, usa",35
468,"whittier, california, usa",35
469,"corona, california, usa",18
470,"indianapolis, indiana, usa",0
471,"melbourne, victoria, australia",31
472,"livingston, new jersey, usa",35
473,"makati city, luzon, philippines",25
474,"arlington, texas, usa",35
475,"vancouver, british columbia, canada",34
476,"rome, new york, usa",35
477,"charlottesville, virginia, usa",45
478,"albuquerque, new mexico, usa",13
479,"iowa city, iowa, usa",35
480,"wanamassa, new jersey, usa",62
481,"canyon country, california, usa",35
482,"valencia, california, usa",46
483,"shelton, washington, usa",72
484,"clarkston, michigan, usa",17
485,"las vegas, nevada, usa",51
486,"portland, oregon, usa",31
487,"houston, texas, usa",35
488,"boston, massachusetts, usa",25
489,"cape girardeau, missouri, usa",35
490,"milwaukee, wisconsin, usa",35
491,"windsor, ontario, canada",26
492,"chicago, illinois, usa",60
493,"manhattan, kansas, usa",29
494,"parry sound, ontario, canada",35
495,"nashville, tennessee, usa",35
496,"west salem, wisconsin, usa",51
497,"susquehanna, pennsylvania, usa",51
498,"charleston, south carolina, usa",29
499,"la verne, california, usa",62
500,"san antonio, texas, usa",17
501,"richmond, virginia, usa",35
502,"dearborn, michigan, usa",47
503,"el centro, california, usa",40
504,"tularosa, new mexico, usa",29
505,"washington, dc, usa",51
506,"ottawa, ontario, canada",35
507,"dumas, arkansas, usa",35
508,"portland, oregon, usa",29
509,"greensboro, north carolina, usa",35
510,"portland, oregon, usa",35
511,"berkeley, california, usa",35
512,"winter springs, florida, usa",58
513,"savannah, georgia, usa",35
514,"bonney lake, washington, usa",30
515,"bourbonnais, illinois, usa",24
516,"seattle, washington, usa",35
517,"grinnell, iowa, usa",22
518,"melbourne, victoria, australia",35
519,"sheffield, england, united kingdom",23
520,"humble, texas, usa",35
521,"jefferson city, missouri, usa",35
522,"red deer, alberta, canada",35
523,"bozeman, montana, usa",19
524,"valentine, new south wales, australia",37
525,"issy les moulineaux, ile de france, france",29
526,"hamburg, hamburg, germany",35
527,"mainz, rheinland-pfalz, germany",22
528,"singapore, alabama, singapore",16
529,"new york, new york, usa",28
530,"moab, utah, usa",47
531,"st. augustine, florida, usa",56
532,"cordoba, argentina, argentina",53
533,"london, england, united kingdom",31
534,"rosharon, texas, usa",59
535,"sfgsdfg, calabria, italy",35
536,"hcm, hcm, vietnam",20
537,"davis, california,",35
538,"perryville, missouri, usa",26
539,"saint louis, missouri, usa",35
540,"watertown, south dakota, usa",67
541,"brooklyn, new york, usa",45
542,"fort worth, texas, usa",35
543,"hanoi, hanoi, vietnam",27
544,"england, england, united kingdom",35
545,"pomona, missouri, usa",35
546,"firenze, toscana, italy",51
547,"presque isle, maine, usa",35
548,"lynn haven, florida, usa",35
549,"mansfield, pennsylvania, usa",35
550,"karachi, sindh, pakistan",35
551,"kolkata, victoria, india",19
552,"united states, california, usa",35
553,"nykøbing sjælland, n/a, denmark",16
554,"angra heroismo, yukon territory, portugal",35
555,"teramo, abruzzo, italy",36
556,"port charlotte, florida, usa",31
557,"oceanside, colorado, usa",49
558,"burnaby, ,",35
559,"pulaski, virginia, usa",35
560,"napoleonville, louisiana, usa",35
561,"shrewsbury, pennsylvania, usa",35
562,"adfdaf, australian capital territory, albania",0
563,"amsterdam, new york, usa",35
564,"franksville, wisconsin, usa",15
565,"franklin, tennessee, usa",48
566,"springfield, illinois, usa",35
567,"spokane, washington, usa",35
568,"alexandria, alexandria, egypt",35
569,"lahore, punjab, pakistan",28
570,"grand rapids, michigan, usa",35
571,"diemen, n/a, netherlands",23
572,"gabes, gabes, tunisia",23
573,"cairo, connecticut, egypt",31
574,"terrassa, catalunya, spain",33
575,"gaia, douro litoral, portugal",23
576,"bern, prince edward island, switzerland",35
577,"andimeshk, khozestan, iran",35
578,"parksville, british columbia, canada",35
579,"tiruchirapalli, n/a, india",29
580,"logroño, la rioja, spain",22
581,"zaragoza, aragón, spain",45
582,"adelaide, south australia, australia",56
583,"tashkent, uzbekistan, uzbekistan",19
584,"doha, doha, qatar",23
585,"milano, lombardia, italy",35
586,"kuala-lumpur, selangor, malaysia",26
587,"bologna, bologna, italy",35
588,"roseville, minnesota, usa",60
589,"gassino torinese, piemonte, italy",35
590,"münster, n/a, germany",35
591,"miami beach, florida, usa",42
592,"boston, massachusetts, usa",35
593,"port hawkesbury, nova scotia, canada",28
594,"london, england, united kingdom",35
595,"hollywood, florida, usa",17
596,"san francisco, california, usa",49
597,"astoria, new york, usa",43
598,"raqqa, raqqa, syria",34
599,"north plainfield, new jersey, usa",36
600,"tehran, tehran, iran",20
601,"grande prairie, alberta, canada",35
602,"forest grove, oregon, usa",23
603,"bielefeld, nordrhein-westfalen, germany",35
604,"knox, indiana, usa",42
605,"manheim, pennsylvania, usa",35
606,"elbert, colorado, usa",35
607,"beijing, beijing, china",31
608,"somerville, massachusetts, usa",30
609,"madrid, madrid, spain",34
610,"valencia, n/a, spain",19
611,"solbiate, lombardia, italy",24
612,"oak park, illinois, usa",20
613,"ankara, n/a, turkey",1
614,"montecassiano, marche, italy",28
615,"parede, lisboa, portugal",29
616,"fremont, california, usa",34
617,"porto, n/a, portugal",54
618,"providence, rhode island, usa",35
619,"long beach, mississippi, usa",35
620,"toronto, ontario, canada",45
621,"segovia, n/a, spain",48
622,"salvador, bahia, brazil",23
623,"buenos aires, buenos aires, argentina",35
624,"amsterdam, noord-holland, netherlands",35
625,"marseille, provence, france",41
626,"graz, steiermark, austria",41
627,"pittsburgh, pennsylvania, usa",35
628,"berlin, berlin, germany",35
629,"kiel, schleswig-holstein, germany",44
630,"paris, n/a, france",33
631,"fort collins, colorado, usa",35
632,"rochester, minnesota, usa",15
633,"köln, nordrhein-westfalen, germany",35
634,"düsseldorf, nordrhein-westfalen, germany",50
635,"toronto, ontario, canada",24
636,"durham, north carolina, usa",35
637,"singapore, singapore, singapore",20
638,"san diego, california, usa",20
639,"washington dc, virginia, usa",35
640,"scotch village, nova scotia, canada",35
641,"portland, oregon, usa",35
642,"houston, texas, usa",37
643,"grenoble, rhone-alpes, france",23
644,"garden city, michigan, usa",35
645,"ottawa, ontario, canada",35
646,"cardiff, wales, united kingdom",21
647,"perth, western australia, australia",35
648,"kamloops, british columbia, canada",35
649,"san diego, california, usa",35
650,"santa cruz, california, usa",35
651,"interlachen, florida, usa",26
652,"slippery rock, pennsylvania, usa",35
653,"bristol, wales, united kingdom",35
654,"ottawa, ontario, canada",30
655,"monroe, north carolina, usa",58
656,"feilding, manawatu, new zealand",35
657,"chattanooga, tennessee, usa",35
658,"jasper, georgia, usa",61
659,"simcoe, ontario, canada",35
660,"ny, new york, usa",35
661,"zweibrücken, rheinland-pfalz, germany",22
662,"high prairie, alberta, canada",21
663,"vigo, galicia, spain",49
664,"alicante, alicante, spain",26
665,"linköping, östergötland, sweden",35
666,"gurgaon, n/a, india",35
667,"gurgaon, haryana, india",35
668,"nasik, maharashtra, india",27
669,"kannur, kerala, india",24
670,"ernakulam, kerala, india",35
671,"jeddah, jeddah, saudi arabia",1
672,"calcutta, west bengal, india",35
673,"varanasi, uttar pradesh, india",23
674,"pune, pune, india",35
675,"solapur, maine, india",35
676,"london, abruzzo, italy",31
677,"baton rouge, louisiana, usa",27
678,"yabulu, queensland, australia",35
679,"oregon city, oregon, usa",65
680,"edgewood, maryland, usa",28
681,"banda aceh, nad, indonesia",20
682,"smyrna, georgia, usa",44
683,"union, illinois, usa",28
684,"atlanta, georgia, usa",44
685,"stevens point, wisconsin, usa",21
686,"lahore, isl, pakistan",35
687,"montemor-o-novo, alberta, romania",35
688,"beacon hill, new south wales, australia",14
689,"paris, n/a, france",22
690,"lake oswego, oregon, usa",80
691,"london, greater london, united kingdom",25
692,"ottawa, kansas, usa",44
693,"alexandria, virginia, usa",58
694,"indianapolis, indiana, usa",35
695,"alphen aan den rijn, zuid holland, netherlands",35
696,"windsor, ontario, canada",13
697,"montreal, quebec, canada",35
698,"palo alto, california, usa",35
699,"norwich, england, united kingdom",35
700,"georgetown, n/a, malaysia",16
701,"mountain view, california, usa",31
702,"mount joy, pennsylvania, usa",53
703,"pascagoula, mississippi, usa",52
704,"south milwaukee, wisconsin, usa",35
705,"asti, piemonte, italy",35
706,"los angeles, california, usa",35
707,"san antonio, texas, usa",35
708,"duluth, minnesota, usa",35
709,"roanoke, virginia, usa",14
710,"piracicaba, são paulo, brazil",42
711,"oxford, england, united kingdom",27
712,"pratteln, baselland, switzerland",29
713,"abingdon, n/a, united kingdom",49
714,"austin, texas, usa",35
715,"northport, alabama, usa",35
716,"mexico, df, mexico",34
717,"spring hill, florida, usa",35
718,"lanham, maryland, usa",30
719,"mississauga, ontario, canada",52
720,"washington dc, dc, usa",16
721,"atascadero, california, usa",35
722,"longwood, florida, usa",66
723,"columbia falls, montana, usa",35
724,"jamestown, california, usa",35
725,"aveiro, aveiro, portugal",24
726,"eatontown, new jersey, usa",31
727,"lisboa, n/a, portugal",40
728,"welsh, louisiana, usa",35
729,"st.adolphe, manitoba, canada",35
730,"albuquerque, new mexico,",69
731,"lansdale, pennsylvania, usa",35
732,"bangalore, karnataka, india",35
733,"timaru, south canterbury, new zealand",53
734,"berlin, berlin, germany",35
735,"cortland, new york, usa",29
736,"trebur, hessen, germany",34
737,"albuquerque, new mexico, usa",35
738,"murrells inlet, south carolina, usa",35
739,"oakdale, minnesota, usa",55
740,"new canaan, connecticut, usa",35
741,"novinger, missouri, usa",16
742,"st. paul, minnesota, usa",35
743,"moraga, california, usa",35
744,"ocala, florida, usa",48
745,"frankfurt, hessen, germany",25
746,"longmont, colorado, usa",36
747,"san bernardino, california, usa",35
748,"ourense, ourense, spain",14
749,"washington, dc, usa",35
750,"zurich, zurich, switzerland",36
751,"zaragoza, aragon, spain",41
752,"lake charles, louisiana, usa",35
753,"stockton, california, usa",35
754,"leverkusen, nordrhein-westfalen, germany",33
755,"guangzhou, asd, china",24
756,"scranton, pennsylvania, usa",35
757,"philadelphia, pennsylvania, usa",29
758,"duesseldorf, n/a, germany",35
759,"primm springs, tennessee, usa",35
760,"santa rosa, california, usa",35
761,"fuzhou, fujian, china",30
762,"lisbon, n/a, portugal",23
763,"oakland, california, usa",35
764,"eau claire, wisconsin, usa",28
765,"york, pennsylvania, usa",35
766,"matthews, north carolina, usa",52
767,"omaha, nebr,",43
768,"athens, athens, greece",35
769,"birmingham, alabama, usa",35
770,"tehran, tehran, iran",35
771,"ft. sill, oklahoma, usa",38
772,"braga, braga, portugal",27
773,"khartoum, khartoum, sudan",52
774,"wentzville, missouri, usa",16
775,"jeddah, jeddah, saudi arabia",28
776,"auckland, n/a, new zealand",23
777,"portland, ,",13
778,"bradenton, florida, usa",35
779,"halifax, nova scotia, canada",35
780,"woodland hills, california, usa",35
781,"london, england, united kingdom",20
782,"hallandale, florida, usa",57
783,"manchester center, vermont, usa",35
784,"franklin, massachusetts, usa",39
785,"burbank, california, usa",35
786,"panhandle, texas, usa",48
787,"ridgefield park, new jersey, usa",35
788,"milwaukee, wisconsin, usa",35
789,"pepperell, ,",15
790,"chilliwack, british columbia, canada",35
791,"sunnyvale, california, usa",35
792,"fishkill, new york, usa",44
793,"columbus, ohio, usa",35
794,"chico, california, usa",47
795,"edinburg, texas, usa",35
796,"levttown, new york, usa",35
797,"mystic, connecticut, usa",35
798,"ashland, pennsylvania, usa",35
799,"albuquerque, new mexico, usa",35
800,"fort worth, texas, usa",35
801,"mooresville, north carolina, usa",51
802,"san fernando, buenos aires, argentina",33
803,"santa cruz de la palma, santa cruz  de tenerife.-canarias, spain",41
804,"washington ch, ohio, usa",38
805,"sonoma, california, usa",34
806,"portland, oregon, usa",35
807,"heidelberg, baden-wuerttemberg, germany",32
808,"ottawa, ontario, canada",35
809,"commack, new york, usa",36
810,"seminole, florida, usa",35
811,"zurich, n/a, switzerland",34
812,"calgary, alberta, canada",17
813,"woodstock, illinois, usa",42
814,"denver, colorado, usa",35
815,"davis bay, sechelt, british columbia, canada",43
816,"napoli, campania, italy",32
817,"austin, texas, usa",41
818,"selangor, southeast asia, malaysia",35
819,"deer park, new york, usa",35
820,"florida, florida, usa",38
821,"vicenza, veneto, italy",33
822,"chesterfield, england, united kingdom",25
823,"albuquerque, new mexico, usa",36
824,"albuquerque, new mexico, usa",15
825,"albuquerque, new mexico, usa",38
826,"albuquerque, new mexico, usa",65
827,"mason city, iowa, usa",35
828,"albuquerque, new mexico, usa",35
829,"palo alto, california, usa",23
830,"south amboy, new jersey, usa",57
831,"santander, cantabria, spain",21
832,"mobile, alabama, united kingdom",35
833,"ciudad de plata, plata, argentina",35
834,"rockville, maryland, usa",17
835,"collegno, piemonte, italy",35
836,"virginia beach, virginia, usa",35
837,"lexington, kentucky, usa",26
838,"knoxville, tennessee, usa",71
839,"port harcourt, rivers, nigeria",40
840,"santa coloma de gramenet, barcelona, spain",21
841,"saint charles, mo, missouri, usa",24
842,"wuppertal, northwest territories, germany",42
843,"deer lodge, tennessee, usa",25
844,"bellingham, washington, usa",35
845,"bari, puglia, italy",25
846,"waco, texas, usa",55
847,"pamplona, navarra, spain",23
848,"värmdö, n/a, sweden",35
849,"seattle, washington, usa",35
850,"bremen, bremen, germany",22
851,"petaling jaya, selangor, malaysia",35
852,"barcelona, n/a, spain",27
853,"chesterfield, michigan, usa",24
854,"malang, indonesia,",22
855,"hamburg, hamburg, germany",54
856,"madrid, madrid, spain",29
857,"kuala lumpur, n/a, malaysia",25
858,"orlando, florida, usa",46
859,"minneapolis, minnesota, usa",35
860,"bristol, england, united kingdom",26
861,"san francisco, california, usa",35
862,"olympia, washington, usa",56
863,"space, space, somewherein space",73
864,"cobourg, ontario, canada",35
865,"castle rock, colorado, usa",35
866,"barcelona, barcelona, spain",23
867,"barcelona, barcelona, spain",27
868,"getxo, vizcaya, spain",27
869,"bucharest, bucharest, romania",30
870,"trieste, friuli venezia giulia, italy",19
871,"chicago, illinois, usa",19
872,"bristol, england, united kingdom",22
873,"bristol, england, united kingdom",35
874,"omaha, nebraska, usa",35
875,"lynchburg, virginia, usa",32
876,"hanover, massachusetts, usa",33
877,"padova, veneto, italy",35
878,"douglasville, georgia, usa",35
879,"saratoga, california, usa",35
880,"alexandria, virginia, usa",35
881,"saskatoon, saskatchewan, canada",24
882,"berkeley, california, usa",23
883,"brookfield, connecticut, usa",43
884,"berlin, germany,",35
885,"jacksonville, texas, usa",35
886,"bozeman, montana, usa",35
887,"castaic, california, usa",30
888,"kissimmee, florida, usa",35
889,"manchester, england, united kingdom",46
890,"clarks summit, pennsylvania, usa",35
891,"bamberg, bayern, germany",35
892,"austin, texas, usa",35
893,"firenze, toscana, italy",19
894,"townsville, queensland, australia",22
895,"geelong, victoria, australia",40
896,"-, wales, united kingdom",27
897,"coffs harbour, new south wales, australia",14
898,"gdañsk, n/a, poland",35
899,"bielefeld, nordrhein-westfalen, germany",23
900,"scranton, pennsylvania, usa",25
901,"worcester, worcestershire, united kingdom",21
902,"overland, missouri, usa",18
903,"los angeles, california, usa",19
904,"owens cross roads, alabama, usa",35
905,"east wallingford, vermont, usa",35
906,"gillingham  kent, england, united kingdom",35
907,"everett, washington, usa",31
908,"st kilda, victoria, australia",35
909,"poitiers, vienne, france",19
910,"chandler, arizona, usa",25
911,"stoneham, massachusetts, usa",40
912,"alexandria, virginia, usa",33
913,"manchester, lancs, united kingdom",44
914,"griesheim, hessen, germany",51
915,"humble, texas, usa",50
916,"brisbane, queensland, australia",38
917,"baltimore, maryland, usa",35
918,"cartwright, newfoundland and labrador, canada",52
919,"madrid, madrid, spain",65
920,"islip, new york, usa",28
921,"osnabrück, niedersachsen, germany",35
922,"salt spring island, british columbia, canada",20
923,"miami, florida, usa",21
924,"grenoble, isere, france",29
925,"catania, sicilia, italy",35
926,"lisboa, n/a, portugal",29
927,"thonburi, bangkok, thailand",16
928,"sunbury, victoria, australia",60
929,"king of prussia, ,",36
930,"cos cob, connecticut, usa",30
931,"san francisco, california, usa",43
932,"san francisco, california, usa",1
933,"crewe, england, united kingdom",29
934,"sarasota, florida, usa",35
935,"cebu city, cebu, philippines",21
936,"socorro, new mexico, usa",24
937,"le houlme, normandie, france",31
938,"calgary, alberta, canada",55
939,"manila city, national capital region, philippines",21
940,"urbana, illinois, usa",35
941,"bend, oregon, usa",35
942,"lille, nord, france",29
943,"barcelona, catalunya, spain",24
944,"toronto, ontario, canada",26
945,"salerno, campania, italy",23
946,"lancaster, lancashire, united kingdom",23
947,"columbus, georgia, usa",35
948,"woodland hills, california, usa",35
949,"nanaimo, british columbia, canada",35
950,"cebu, cebu, philippines",35
951,"aglaura, new jersey, usa",35
952,"stamford, connecticut, usa",35
953,"prato, toscana, italy",22
954,"bradfordwoods, pennsylvania, usa",35
955,"harrisburg, ,",35
956,"southampton, n/a, united kingdom",35
957,"santiago, santiago,metropolitana, chile",35
958,"lindale, texas, usa",78
959,"guadalajara, guadalajara, spain",35
960,"cilegon, n/a, indonesia",35
961,"roma, n/a, italy",35
962,"donostia, spain, spain",35
963,"victoria, british columbia, canada",35
964,"perrysburg, ohio, usa",35
965,"las cruces, new mexico, usa",24
966,"dublin, leinster, ireland",22
967,"belem, para, brazil",31
968,"vigo, galicia, spain",25
969,"river forest, illinois, usa",13
970,"sydney, new south wales, australia",15
971,"accra, n/a, ghana",22
972,"riyadh, , saudi arabia",35
973,"eugene, oregon, usa",35
974,"waterford, ,",36
975,"ann arbor, michigan, usa",34
976,"melbourne, victoria, australia",28
977,"benton, kansas, usa",35
978,"alpharetta, georgia, usa",33
979,"northampton, east midlands, united kingdom",36
980,"gijón, asturias, spain",23
981,"new york, new york, usa",35
982,"sheffield, alabama, usa",41
983,"ashland, oregon, vietnam",35
984,"college station, texas, usa",35
985,"vigo, galicia, spain",23
986,"alexandria, virginia, usa",35
987,"san diego, california, usa",35
988,"dallas, texas, usa",35
989,"san antonio, texas, usa",33
990,"selma, california, usa",35
991,"charlotte, north carolina, usa",62
992,"sydney, nsw, australia",33
993,"beratzhausen, bayern, germany",35
994,"brownsville, texas, usa",35
995,"christchurch, canterbury, new zealand",34
996,"bellefonte, pennsylvania, usa",35
997,"meeteetse, wyoming, usa",35
998,"champs sur marne, île de france, france",35
999,"newark, delaware, usa",21
1000,"teramo, abruzzo, italy",34
1001,"campbelltown, new south wales, australia",19
